Ciclo,ASIGNATURA,RA
1,Algoritmos y Resolución de Problemas,Discute la importancia de los algoritmos en el proceso de solución de problemas. 
1,Algoritmos y Resolución de Problemas,Identifica las propiedades necesarias para un buen algoritmo.
1,Algoritmos y Resolución de Problemas,Crea algoritmos para solucionar problemas simples.
1,Algoritmos y Resolución de Problemas,Aplica estrategias efectivas de depuración.
1,Fundamentos de Tecnologías de la Información,Domina los conceptos básicos de Tecnologías de la Información.
1,Fundamentos de Tecnologías de la Información,Describe el perfil del profesional de Tecnologías de la Información y lo compara con otros perfiles de las disciplinas de las ciencias de la computación.
1,Fundamentos de Tecnologías de la Información,Conoce aspectos fundamentales de la gestión de las tecnologías de la información y su evolución.
1,Fundamentos de Tecnologías de la Información,Conoce los fundamentos de aplicación de la gestión de tecnologías de la información en el contexto empresarial.
1,Fundamentos de Tecnologías de la Información,Reconoce el contexto social de la profesión de tecnologías de la información una implementación de Tecnologías de la Información.
1,Metodología de la Investigación y Técnicas de Estudio,Diseña un procedimiento básico de investigación científica sostenido en técnicas y métodos acordes a la problemática presentada.
1,Metodología de la Investigación y Técnicas de Estudio,Realiza búsquedas sostenidas en criterios teórico‐ científicos en bases de datos relevantes para el área de conocimiento.
1,Metodología de la Investigación y Técnicas de Estudio,Redacta técnicamente informes y ensayos de carácter académico/científico en el área de Ciencias de la Computación.
1,Computación y Sociedad,"Entender las posibilidades que ofrecen las TIC como medios de transformación social e innovación, para poder identificar oportunidades que beneficien a la sociedad."
1,Computación y Sociedad,Analizar el impacto social de la introducción de nuevas TIC para formar criterios sobre los beneficios y los efectos negativos que implica.
1,Computación y Sociedad,"Reconocer los dilemas éticos que crean las TIC, especialmente en los campos de seguridad, privacidad, derechos de autor, libertad de expresión, riesgos y empleo."
1,Computación y Sociedad,"Analizar, desde un punto de vista ético, moral y legal, los dilemas creados por las TIC, por medio del uso de teorías éticas y del conocimiento de la legislación, para crear soluciones alternativas a dichos dilemas que sean ética, moral y legalmente aceptables."
1,Computación y Sociedad,Establecer criterios que permitan generar ambientes tecnológicos donde la computación sea sustentable.
2,Cálculo Diferencial,Conoce las características de una función.
2,Cálculo Diferencial,Opera con funciones continuas.
2,Cálculo Diferencial,Calcula las derivadas e integrales y explora sus aplicaciones.
2,Fundamentos de Hardware,Conocer el funcionamiento de cada uno de los componentes del computador.
2,Fundamentos de Hardware,Describe los componentes de hardware utilizados en un sistema computacional.
2,Fundamentos de Hardware,Esquematiza las interconexiones de las principales partes del computador.
2,Fundamentos de Hardware,Considera conceptos de arquitectura de computadores a nivel general.
2,Fundamentos de Hardware,Describe cómo una computadora almacena y recupera información hacia/desde la memoria y discos duros.
2,Fundamentos de Hardware,Reconoce los elementos de comunicación entre computadores a través de redes de dispositivos.
2,Computación Ubicua,Utiliza terminología técnica de TI en idioma en inglés.
2,Computación Ubicua,"Explica como los componentes de Tecnologías de la Información se interrelacionan y la complejidad inherente a su uso, configuración y explotación."
2,Computación Ubicua,Describe el rol del profesional de Tecnologías de la Información como un defensor del usuario.
2,Computación Ubicua,Ilustra el uso de las tecnologías de la información y comunicación para resolver problemas a nivel de la sociedad y sobre todo a nivel empresarial.
2,Computación Ubicua,Explica como el contexto organizacional es influenciado por el impacto del desarrollo y despliegue de los sistemas de Tecnologías de la información
2,Fundamentos de Programación,"Diseña, implementa, prueba y depura programas que utilizan: computación básica, operaciones I/O, estructuras de control condicionales e iteractivas, estructuras de datos estáticas y módulos."
2,Fundamentos de Programación,Utiliza tipos de datos primitivos y tipos de datos abstractos.
2,Fundamentos de Programación,Elige la estructura de datos apropiada para modelar un problema dado.
2,Fundamentos de Programación,Analiza y explica el comportamiento de programas de baja y mediana complejidad que utilizan estructuras de programación fundamentales.
2,Fundamentos de Programación,Modifica y amplia programas pequeños que utilizan estructuras de control condicionales e iterativas.
2,Fundamentos de Programación,Aplica las técnicas de descomposición estructurada (funcional) para dividir un programa en partes más pequeñas.
2,Fundamentos de Programación,Describe el paso de parámetros por valor y por referencia y sus problemas asociados.
2,Fundamentos de Programación,Describe el concepto de recursividad y da ejemplos de su uso.
3,Cálculo Integral,Conoce las propiedades de funciones en varias variables y funciones vectoriales.
3,Cálculo Integral,Calcula derivadas parciales y de orden superior.
3,Cálculo Integral,Calcula integrales dobles.
3,Cálculo Integral,"Aplica las derivadas parciales, de orden superior, integrales dobles y triples."
3,Cálculo Integral,Define modelos de análisis univariado y multivariado en problemas de Tecnologías de la Información.
3,Estructuras Discretas,Convierte oraciones lógicas desde un lenguaje informal a expresiones de lógica proposicional.
3,Estructuras Discretas,"Resuelve ejercicios aplicando cuantificadores, teoremas, leyes y propiedades del álgebra booleana en un contexto real."
3,Estructuras Discretas,Aplica leyes del algebra booleana y mapas de Karnaugh para simplificar funciones booleanas y circuitos combinatorios.
3,Estructuras Discretas,Construye circuitos combinatorios mediante funciones booleanas y viceversa.
3,Estructuras Discretas,Aplica la teoría de gráficas a problemas de contextos reales.
3,Estructuras Discretas,Aplica las diferentes operaciones que se pueden realizar con árboles.
3,Estructuras Discretas,Utiliza los fundamentos del modelo de redes para resolver ejercicios de flujo.
3,Arquitectura de computadores y Sistemas Operativos,Describe las principales características de la arquitectura de computadores.
3,Arquitectura de computadores y Sistemas Operativos,"Analiza, evalúa y recomienda el uso arquitecturas de computadoras para un objetivo determinado."
3,Arquitectura de computadores y Sistemas Operativos,Describe las funciones y componentes necesarios de un sistema operativo.
3,Arquitectura de computadores y Sistemas Operativos,"Analiza, evalúa y recomienda el uso de los sistemas operativos para una tarea u objetivo determinado."
3,Arquitectura de computadores y Sistemas Operativos,Utiliza de forma correcta los scripts para automatizar tareas del sistema operativo.
3,Arquitectura de computadores y Sistemas Operativos,Explica la concurrencia en relación con la planificación y despacho.
3,Arquitectura de computadores y Sistemas Operativos,Compara y contrasta las estrategias de gestión de memoria de diferentes sistemas operativos.
3,Arquitectura de computadores y Sistemas Operativos,Compara y contrasta los sistemas de archivos de varios sistemas operativos.
3,Arquitectura de computadores y Sistemas Operativos,Compara y contrasta los modelos de seguridad de diferentes sistemas operativos.
3,Programación Orientada a Objetos,"Discute e identifica los conceptos de encapsulación, abstracción, herencia y polimorfismo."
3,Programación Orientada a Objetos,"Diseña, implementa, prueba y depura programas sencillos en un lenguaje de programación orientado a objetos."
3,Programación Orientada a Objetos,Describe cómo el mecanismo de la clase soporta la encapsulación y el ocultamiento de la información.
3,Programación Orientada a Objetos,"Diseña, implementa y prueba la implementación de una relación “is‐ a” entre objetos usando una jerarquía de herencia de clases."
3,Programación Orientada a Objetos,Compara y contrasta los métodos de overloading and overriding en un lenguaje orientado a objetos.
3,Programación Orientada a Objetos,Describe la relación entre la estructura estática de la clase y la estructura dinámica de las instancias de la clase.
3,Programación Orientada a Objetos,Utiliza iteradores para acceder a los elementos de un contenedor.
3,Programación Orientada a Objetos,Describe cómo los constructores y destructores se relacionan con la vida de un objeto.
3,Programación Orientada a Objetos,Describe la relación entre un objeto y su clase correspondiente.
3,Estructuras de Datos,Utiliza tipos de datos primitivos para construir estructuras de datos.
3,Estructuras de Datos,"Escribe programas que usen cada una de las siguientes estructuras de datos: arreglos, registros, listas enlazadas, pilas y colas."
3,Estructuras de Datos,Resuelve problemas usando algoritmos básicos de árboles y grafos.
4,Comunicación Técnica y Profesional,Prepara y entrega documentación técnica sobre proyectos de TI para públicos de gestión y usuarios según técnicas y herramientas de presentación escrita.
4,Comunicación Técnica y Profesional,Prepara y entrega presentaciones sobre actividades y documentación de proyectos de TI para públicos de gestión y usuarios según técnicas y herramientas de comunicación.
4,Tecnologías Web,Describe la estructura de la World Wide Web como interconectar documentos de hipertexto.
4,Tecnologías Web,Crea y valida documentos HTML 5.
4,Tecnologías Web,Utiliza algunas tecnologías de presentación entrada en el lado del cliente frente a la programación del lado del servidor.
4,Tecnologías Web,Discute y contrasta en el lado del cliente problemas de seguridad del lado del servidor.
4,Tecnologías Web,Construye un sitio web sencillo que organiza la información de diferente tipo de una organización de manera efectiva que permita presentarla de diferentes formas.
4,Tecnologías Web,"Identifica el propósito o género de un sitio web (comercio electrónico, autoservicio, servicio gubernamenta, educativo, etc.)."
4,Tecnologías Web,Identifica los tipos de medios basados en el tiempo de uso común en la web.
4,Tecnologías Web,Utiliza hojas de estilo en cascada para crear las normas de estilo de un sitio web.
4,Tecnologías Web,Describe las características que mejoran la accesibilidad y usabilidad de un sitio web.
4,Fundamentos de Base de Datos,"Diferencia y utiliza los términos clave tales como: información, datos, base de datos, sistema de gestión de base de datos, metadatos, y minería de datos."
4,Fundamentos de Base de Datos,"Explica el papel de los datos, la información y las bases de datos en las organizaciones."
4,Fundamentos de Base de Datos,Explica cómo el almacenamiento y recuperación de datos ha cambiado con el tiempo.
4,Fundamentos de Base de Datos,Explica las ventajas de un enfoque de base de datos en comparación con el procesamiento de archivos tradicional.
4,Fundamentos de Base de Datos,"Define la calidad, precisión y puntualidad, explica cómo su ausencia tendrá́ un impacto en las organizaciones."
4,Fundamentos de Base de Datos,"Describe los mecanismos de recolección de datos y sus implicaciones (recopilación de datos automatizada, formularios de entrada, fuentes)."
4,Fundamentos de Base de Datos,"Explica los problemas básicos de la retención de datos, incluyendo la necesidad de retención, almacenamiento físico, la seguridad."
4,Fundamentos de Base de Datos,"Juzga si determinado material es información, datos o metadatos."
4,Modelado de Sistemas,Identifica las partes esenciales de un sistema utilizando los diferentes tipos de modelado.
4,Modelado de Sistemas,"Diseña representaciones para facilitar la comunicación, discusión, exploración y validación de la especificación y diseño de un sistema."
4,Modelado de Sistemas,Selecciona los componentes que debe incluir en un proceso para solucionar un problema específico.
4,Modelado de Sistemas,Crea modelos que apoyen el proceso de análisis de sistemas.
4,Modelado de Sistemas,Utiliza UML como lenguaje de construcción de modelos para modelar componentes de un sistema de información.
4,Estadística para las ingenierías y la arquitectura,Entiende el alcance y utilidad de la estadística en la resolución de problemas.
4,Estadística para las ingenierías y la arquitectura,Representa datos utilizando gráficas.
4,Estadística para las ingenierías y la arquitectura,Describe la estructura de un conjunto de datos a través de sus medidas de tendencia central y de dispersión.
4,Estadística para las ingenierías y la arquitectura,Calcula probabilidades de sucesos y expectativas de variables aleatorias.
4,Estadística para las ingenierías y la arquitectura,Diferencia entre sucesos dependientes e independientes.
4,Estadística para las ingenierías y la arquitectura,Aplica la distribución normal a conjuntos de datos y calcula intervalos de confianza y áreas bajo la curva normal.
4,Estadística para las ingenierías y la arquitectura,Realiza modelos de regresión con la ayuda de paquetes computacionales.
5,Comunicación de Datos,Analiza las normas actuales y cómo éstas impactan en la tecnología de redes.
5,Comunicación de Datos,Compara y contrasta el modelo OSI y el modelo para aplicar a los protocolos de comunicación actual.
5,Comunicación de Datos,"Describe el por qué las diferentes tecnologías son desplegadas en diferentes contextos de redes como son: topologías, ancho de banda, distancia y número de usuarios."
5,Comunicación de Datos,Explica los componentes básicos de un sistema de red y distingue entre redes LAN y WAN.
5,Comunicación de Datos,Establece métricas de rendimiento en un canal de comunicación de datos.
5,Comunicación de Datos,Analiza las características de varios protocolos de comunicación y como ellos soportan los requerimientos de las aplicaciones.
5,Comunicación de Datos,Demuestra la habilidad para solucionar problemas básicos en dispositivos conectados en una LAN.
5,Fundamentos de Interacción Humano‐Computador,Explica la importancia de las habilidades de usuario y las características en la usabilidad de productos de software y hardware.
5,Fundamentos de Interacción Humano‐Computador,Demuestra desde los principios del diseño para humanos como los aspectos físicos del diseño de producto impactan en su usabilidad.
5,Fundamentos de Interacción Humano‐Computador,"Identifica y describe estándares, directrices y normas de accesibilidad y usabilidad de aplicaciones basadas en computador."
5,Desarrollo Web,Describe los problemas implicados en el desarrollo de una interfaz web.
5,Desarrollo Web,Resume la necesidad y las cuestiones implicadas en la ejecución y la integración de una página web.
5,Desarrollo Web,Explica la importancia de la interconexión entre sitios web para bases de datos subyacentes.
5,Desarrollo Web,Explica por qué́ los problemas de accesibilidad son una consideración importante en el desarrollo de páginas Web.
5,Desarrollo Web,Construye aplicaciones web accesibles y seguras.
5,Desarrollo Web,Explica la diferencia entre la programación orientada a eventos y programación de línea de comandos.
5,Desarrollo Web,"Diseña, codifica, prueba y depura programas simples basados en eventos que respondan a eventos de usuario."
5,Desarrollo Web,Desarrolla código que responde a las condiciones de excepción planteadas durante la ejecución.
5,Desarrollo Web,Describe los métodos de seguridad para cookies y las formas en las que pueden ser usadas para poner en peligro la privacidad del usuario.
5,Desarrollo Web,Identifica los sitios web que están utilizando gráficos de páginas web como iconos web.
5,Desarrollo Web,"Describe formas de aumentar la fiabilidad de un sitio web, tales como certificados de seguridad."
5,Administración de Bases de Datos,Distingue entre la administración de datos y administración de bases de datos.
5,Administración de Bases de Datos,Explica el concepto de seguridad de base de datos.
5,Administración de Bases de Datos,Explica el concepto de copia de seguridad y recuperación.
5,Administración de Bases de Datos,"Distingue entre las bases de datos homogéneos, heterogéneos y distribuidos federados."
5,Administración de Bases de Datos,Explica el concepto de repetición en lo que respecta a las bases de datos distribuidas.
5,Administración de Bases de Datos,Distingue entre la reflexión horizontal y vertical en lo que respecta a las bases de datos distribuidas.
5,Administración de Bases de Datos,Describe la arquitectura de base de datos cliente‐servidor.
5,Administración de Bases de Datos,Describe la arquitectura de base de datos de n‐tier.
5,Administración de Bases de Datos,"Explica el papel de ODBC, JDBC y XML en la implementación de una arquitectura de base de datos de n‐ tier."
5,Administración de Bases de Datos,Describe el concepto de servicios web y el papel de SOAP.
5,Administración de Bases de Datos,"Realiza las funciones básicas de un administrador de datos, incluida la planificación de la base de datos, análisis, diseño, implementación, mantenimiento y protección."
5,Administración de Bases de Datos,Explica los diferentes protocolos de control de concurrencia.
5,Administración de Bases de Datos,"Dado un protocolo de seguridad, asegura una base de datos."
5,Administración de Bases de Datos,"Dado un protocolo de copia de seguridad, realiza una copia de seguridad de la base de datos."
5,Administración de Bases de Datos,Recupera una base de datos.
5,Administración de Bases de Datos,Analiza la conveniencia de una recomendación para replicar (o no replicar) una base de datos distribuida en una situación dada.
5,Administración de Bases de Datos,Analiza la conveniencia de una recomendación de particionamiento de una base de datos distribuida en una situación dada.
5,Administración de Bases de Datos,Utiliza XML en la implementación de una arquitectura de base de datos de n‐tier.
5,Administración de Bases de Datos,Conecta un número de diferentes bases de datos y/u otras aplicaciones utilizando SOAP.
5,Administración de Bases de Datos,Demuestra una comprensión de los sistemas de procesamiento y almacenamiento de datos.
5,Fundamentos de Ingeniería de Software,Conoce las principales áreas de conocimiento de la Ingeniería de Software.
5,Fundamentos de Ingeniería de Software,Conoce e Identifica las fases del ciclo de vida de desarrollo de sistemas.
5,Fundamentos de Ingeniería de Software,Identifica el ciclo de vida a utilizar en el desarrollo de un proyecto de software
5,Fundamentos de Ingeniería de Software,Identifica una metodología de desarrollo acorde a las características de un proyecto de software.
6,Redes de Dispositivos,Diseña y construye múltiples redes y las conecta entre sí.
6,Redes de Dispositivos,Compara el funcionamiento de los protocolos de enrutamiento interior con los protocolos de enrutamiento exterior.
6,Redes de Dispositivos,Describe las estrategias para garantizar la disponibilidad de acceso a la red en redes conmutadas y enrutadas.
6,Redes de Dispositivos,"Configura los nodos de la red (ordenadores, routers, etc.)."
6,Redes de Dispositivos,Diseña y dimensiona escenarios de red.
6,Planificación Estratégica y Sistemas de Calidad Empresarial,Declara la misión y visión que identifique el propósito de la organización y sus valores fundamentales.
6,Planificación Estratégica y Sistemas de Calidad Empresarial,"Identifica  las fortalezas, debilidades y oportunidades, así como las amenazas que pueden afectar a una organización."
6,Planificación Estratégica y Sistemas de Calidad Empresarial,Define objetivos y metas estratégicas que deben abordarse durante el curso de un plan estratégico.
6,Planificación Estratégica y Sistemas de Calidad Empresarial,"Define estrategias genéricas y específicas, objetivos a largo y corto plazo y planes de acción que proporcione una hoja de ruta para abordar las brechas entre el estado actual de la organización y su visión."
6,Planificación Estratégica y Sistemas de Calidad Empresarial,"Define indicadores clave de desempeño (medidas y objetivos) para evaluar el progreso en un determinado período hacia el logro de los objetivos a largo, mediano y corto plazo."
6,Metodologías de Desarrollo,Aplica ciclos y procesos de desarrollo de acuerdo a las características de un proyecto de software.
6,Metodologías de Desarrollo,Conoce diferentes enfoques para abordar procesos de desarrollo o implantación de aplicaciones en diferentes contextos.
6,Metodologías de Desarrollo,Personaliza metodologías para aplicarlas a proyectos.
6,Gestión de la Calidad del Software,Reconoce los diferentes conceptos relacionados con la calidad del software.
6,Gestión de la Calidad del Software,Describe los factores que inciden en el fracaso de los proyectos de software.
6,Gestión de la Calidad del Software,Identifica y describe los componentes de calidad de un Sistema de Información.
6,Gestión de la Calidad del Software,Identifica normas y modelos que se pueden aplicar para medir la calidad del producto software.
6,Gestión de la Calidad del Software,Identifica las actividades relacionadas con el proceso de producción y el proceso de gestión de software.
6,Gestión de la Calidad del Software,Identifica las estrategias que permitan medir la calidad de las personas.
6,Gestión de la Calidad del Software,"Utiliza las herramientas adecuadas para analizar, documentar y validar la información que se genere en un proceso de calidad."
6,Ingeniería de Requisitos,Identifica a los interesados del sistema y define sus necesidades.
6,Ingeniería de Requisitos,Compara y contrasta las diferentes técnicas de modelado de requisitos.
6,Ingeniería de Requisitos,Identifica y clasifica las funciones desempeñadas por los usuarios externos de un sistema.
6,Ingeniería de Requisitos,Explica y describe la estructura de un caso de uso detallado.
6,Ingeniería de Requisitos,Explica cómo la recolección requisitos encaja en un ciclo de vida de desarrollo del sistema.
6,Ingeniería de Requisitos,Reconoce e identifica la naturaleza de los diferentes tipos de requisitos que se definen en un proceso de especificación.
6,Ingeniería de Requisitos,Escoge las mejores estrategias para recolectar información de los interesados.
6,Ingeniería de Requisitos,Utiliza las técnicas apropiadas para realizar el análisis de la información.
6,Ingeniería de Requisitos,Documenta los diferentes requisitos mediante el uso de estándares de documentación.
6,Ingeniería de Requisitos,Utiliza estrategias y herramientas apropiadas para llevar una gestión apropiada de las actividades de gestión de requisitos.
6,Itinerario 1: Plataformas Emergentes,Lista varias de las alternativas emergentes de dispositivos de entrada/salida.
6,Itinerario 1: Plataformas Emergentes,Describe la diferencia entre computación móvil y computación portable.
6,Itinerario 1: Plataformas Emergentes,Describe y proporciona ejemplos de computación ubicua.
6,Itinerario 1: Plataformas Emergentes,Lista las características deseables y no deseables de un sistema de realidad virtual.
6,Itinerario 1: Plataformas Emergentes,Compara dispositivos de entrada/salidas emergentes con los dispositivos actuales.
6,Itinerario 1: Plataformas Emergentes,Ilustra como un dispositivo emergente puede cambiar el diseño de una interfaz para una aplicación.
6,Itinerario 2: Desarrollo Basado en Plataformas Web,Describe la diferencia entre SaaS y una aplicación Web tradicional.
6,Itinerario 2: Desarrollo Basado en Plataformas Web,Discute el impacto de la implementación de estándares y/o atributos de calidad en aplicaciones web.
6,Itinerario 2: Desarrollo Basado en Plataformas Web,Aplica estándares Web en el desarrollo de aplicaciones.
7,Arquitectura de Redes,Diseña aplicaciones de red orientadas a datos.
7,Arquitectura de Redes,Describe el funcionamiento de redes multimedia y de tiempo real.
7,Arquitectura de Redes,Esquematiza estrategias de seguridad básicas en redes de computadoras.
7,Arquitectura de Redes,Discute las arquitecturas típicas de gestión de la red.
7,Arquitectura de Software,Reconocer y utilizar los principales diagramas y estereotipos - UML - utilizados en el diseño de arquitecturas de software.
7,Arquitectura de Software,Identificar y utilizar los principales bloques de construcción de una arquitectura de software.
7,Arquitectura de Software,Identificar y utilizar los principales atributos de calidad en el diseño arquitectónico.
7,Arquitectura de Software,Seleccionar y utilizar estilos y patrones arquitectónicos apropiados para un contexto de negocio determinado.
7,Arquitectura de Software,Seleccionar y utilizar patrones de diseño de apropiados para un contexto de negocio determinado.
7,Arquitectura de Software,Identificar y utilizar vistas arquitectónicas en el diseño de arquitecturas de software.
7,Arquitectura de Software,Especificar y evaluar arquitecturas de software a través de lenguajes de descripción arquitectónica.
7,Arquitectura Empresarial,Conoce las dimensiones arquitectónicas en el contexto empresarial.
7,Arquitectura Empresarial,Definir planes de implementación arquitectónica aplicables a cada uno de los dominios arquitectónicos.
7,Arquitectura Empresarial,Identifica modelos de transformación arquitectónica que permitan mejorar la gestión de tecnologías de la información en empresas.
7,Gestión de Proyectos,Identifica las fuentes de influencia que configuran las restricciones del proyecto y las considera al momento de organizar el proyecto.
7,Gestión de Proyectos,Describe las diferencias entre los procesos de desarrollo y los procesos de gestión de proyectos combinándolos para obtener planes de proyecto realistas.
7,Gestión de Proyectos,Conoce las principales fases y áreas de conocimientos de la gestión de proyectos.
7,Gestión de Proyectos,Conoce las principales metodologías para la gestión de proyectos.
7,Gestión de Proyectos,Identifica la metodología de gestión de proyectos a utilizar en base a las características específicas de un problema.
7,Itinerario 1: Modelado del Usuario,Explica como la interfaz de usuario y la usabilidad se afectan mutuamente.
7,Itinerario 1: Modelado del Usuario,Selecciona un estilo de interacción de Interfaz de Usuario apropiado para una tarea.
7,Itinerario 1: Modelado del Usuario,Diseña una Interfaz simple de usuario.
7,Itinerario 1: Modelado del Usuario,Describe opciones de interface de usuario para dispositivos que no soportan interfaces de usuario visuales.
7,Itinerario 1: Modelado del Usuario,Analiza y diseña un prototipo de una interfaz gráfica de usuario que incorpora la retroalimentación a partir de pruebas.
7,Itinerario 1: Modelado del Usuario,"Proporciona ejemplos del tipo de entrada requerido desde el usuario, evaluando la eficacia de las diferentes opciones de estilo de interacción."
7,Itinerario 2: Desarrollo basado en plataformas Móviles,Implementa aplicaciones para plataformas móviles.
7,Itinerario 2: Desarrollo basado en plataformas Móviles,Compara y contrasta la programación móvil con la programación de propósito general. 
8,Fundamentos y Aplicación de Seguridad de la Información,Fundamenta el porqué del aseguramiento de la información y la seguridad deben ser “Incluídos” como parte del diseño y la arquitectura en el ciclo de vida de sistemas de información. 
8,Fundamentos y Aplicación de Seguridad de la Información,"Explica como los componentes se interrelacionan para categorizar las amenazas, vulnerabilidades, contramedidas y ataques. "
8,Fundamentos y Aplicación de Seguridad de la Información,"Identifica riesgos asociados con desastres o interrupciones y especifica las principales estrategias de mitigación de una situación  para recuperación ante desastres, en base a un informe de Análisis de Impacto de Negocios (BIA)."
8,Fundamentos y Aplicación de Seguridad de la Información,Describe la importancia de elementos clave que participan en el seguimiento de incidentes para desarrollar un proceso de manejo y reporte de incidentes a través de un plan de manejo de incidentes.
8,Fundamentos y Aplicación de Seguridad de la Información,Explica los tres factores clave que intervienen en la autenticación y la forma en que se utilizan para verificar la identidad y permitir el control de accesos a un sistema.
8,Fundamentos y Aplicación de Seguridad de la Información,"Explica las diferencias entre los sistemas criptográficos simétricos y asimétricos y cómo los sistemas criptográficos ofrecen integridad, confidencialidad y autenticación."
8,Fundamentos y Aplicación de Seguridad de la Información,"Describe los elementos que contribuyen al coste de la gestión de seguridad de una organización, políticas de seguridad y procesos operativos relacionando los riesgos y pérdidas asociadas con la seguridad de la información."
8,Fundamentos y Aplicación de Seguridad de la Información,Describe la importancia de utilizar estándares actualmente usados en aseguramiento de la información y sus áreas de relevancia.
8,Sistemas Distribuidos,Prepara un sistema de ordenador para usar en un servidor.
8,Sistemas Distribuidos,Diseña e implementa una red de varios equipos que ofrece servicios de computación en esa red.
8,Sistemas Distribuidos,Realiza un análisis costo-beneficio para una solución de servidor propuesto.
8,Sistemas Distribuidos,Diseña un conjunto de servidores para una situación dada.
8,Sistemas Distribuidos,Describe tres de los principales problemas asociados con la práctica de almacenamiento de datos actual.
8,Aplicación de Matemáticas y Estadística en Tecnologías de la Información,"Establece correlaciones entre variables, determinando la variable independiente y la dependiente."
8,Aplicación de Matemáticas y Estadística en Tecnologías de la Información,Ajusta conjuntos de datos a través de una ecuación de regresión e interpretar la ecuación.
8,Aplicación de Matemáticas y Estadística en Tecnologías de la Información,"Dada una situación de ejemplo, formular una hipótesis nula apropiada para una pregunta simple y realizar una prueba apropiada para determinar su aceptabilidad."
8,Aplicación de Matemáticas y Estadística en Tecnologías de la Información,Determina sí una prueba paramétrica o no paramétrica es apropiada.
8,Aplicación de Matemáticas y Estadística en Tecnologías de la Información,Analiza las limitaciones de correlaciones.
8,Aplicación de Matemáticas y Estadística en Tecnologías de la Información,"Dada una muestra de dos variables aleatorias, calcula la prueba t, z-test, y Chicuadrado pruebas estadísticas y determina si existe significación estadística."
8,Aplicación de Matemáticas y Estadística en Tecnologías de la Información,"Dado un conjunto de datos, determina el mejor modelo de regresión."
8,Aplicación de Matemáticas y Estadística en Tecnologías de la Información,Describe la diferencia entre el análisis estocástico y el análisis determinista.
8,Aplicación de Matemáticas y Estadística en Tecnologías de la Información,Realiza un análisis estadístico del rendimiento de un sistema.
8,Aplicación de Matemáticas y Estadística en Tecnologías de la Información,Analiza un análisis estadístico del rendimiento de un sistema y recomienda formas de mejorar el rendimiento.
8,Organización y Administración de Infraestructura de Tecnologías de la Información,Identifica cada uno de los componentes arquitectónicos de la Infraestructura de Tecnologías de la Información en una empresa.
8,Organización y Administración de Infraestructura de Tecnologías de la Información,Identifica los principales estándares que gestionan la comunicación entre los componentes arquitectónicos.
8,Organización y Administración de Infraestructura de Tecnologías de la Información,Identifica los principales atributos de calidad que garantizan el desempeño de los componentes arquitectónicos.
8,Organización y Administración de Infraestructura de Tecnologías de la Información,Define una representación gráfica y una taxonomía específica para describir la infraestructura de Tecnologías de la Información en una empresa.
8,Practicum 4.1,"Resolver un problema en el área de TI, aplicado a un entorno empresarial o social identificado."
8,Itinerario 1 - Accesibilidad: Aplicación de Interacción Humano Computador,Analiza una población de usuarios y desarrolla perfiles generalizados para cada grupo de usuario.
8,Itinerario 1 - Accesibilidad: Aplicación de Interacción Humano Computador,Integra metodologías de diseño centradas en humanos dentro del desarrollo de una aplicación o prototipo considerando estándares de accesibilidad y usabilidad.
8,Itinerario 1 - Accesibilidad: Aplicación de Interacción Humano Computador,Desarrolla un prototipo de una interfaz gráfica de usuario que incorpora la retroalimentación a partir de pruebas tempranas de usabilidad.
8,Itinerario 1 - Accesibilidad: Aplicación de Interacción Humano Computador,Crea un plan de pruebas adecuado para evaluar accesibilidad y usabilidad.
8,Itinerario 1 - Accesibilidad: Aplicación de Interacción Humano Computador,"Realiza una evaluación de accesibilidad y usabilidad de una aplicación de software sencilla, planteando recomendaciones sustentadas en resultados."
8,Itinerario 2 - Desarrollo basado en plataformas: Programación Integrativa,Describe y contrasta los diferentes tipos de arquitecturas de integración de sistemas.
8,Itinerario 2 - Desarrollo basado en plataformas: Programación Integrativa,Describe cómo se utilizan los servicios web para integrar aplicaciones dispersas en una organización.
8,Itinerario 2 - Desarrollo basado en plataformas: Programación Integrativa,"Diseña, desarrolla y prueba un programa de socket que se comunica entre dos servicios diferentes con los sockets TCP / IP y sockets de datagramas."
9,Gobernanza de Tecnologías de la Información,Analizar y proponer soluciones de Gobernanza de Tecnologías de la Información.
9,Gobernanza de Tecnologías de la Información,Diseñar políticas y estrategias para Gobernanza de Tecnologías de la Información utilizando marcos de referencia y Estándares nternacionales.
9,Evaluación de la Seguridad en Sistemas de Tecnologías de la Información,Explica los problemas de seguridad clave desde una perspectiva de administración de sistemas.
9,Evaluación de la Seguridad en Sistemas de Tecnologías de la Información,Discute las políticas y prácticas que pueden ser aplicadas a la integración de sistemas y arquitecturas para garantizar un funcionamiento seguro del sistema y el aseguramiento de la información.
9,Evaluación de la Seguridad en Sistemas de Tecnologías de la Información,Analiza un sistema de almacenamiento de datos propuesto describiendo todos los objetos de información y sus estados durante todo el ciclo de vida del objeto.
9,Evaluación de la Seguridad en Sistemas de Tecnologías de la Información,Describe el papel del usuario en el aseguramiento de la información y cómo encaja en un plan general de seguridad de la información para una organización.
9,Evaluación de la Seguridad en Sistemas de Tecnologías de la Información,Enumera y explica las amenazas y las vulnerabilidades típicas para la red de una organización.
9,Evaluación de la Seguridad en Sistemas de Tecnologías de la Información,Compara y contrasta diversas metodologías de ataque y diferencia entre ataques internos y externos.
9,Evaluación de la Seguridad en Sistemas de Tecnologías de la Información,Explica cómo los diferentes tipos de ataques afectan a los recursos tecnológicos de una organización.
9,Evaluación de la Seguridad en Sistemas de Tecnologías de la Información,"Describe cómo la ciencia forense digital, encaja con las otras disciplinas forenses."
9,Evaluación de la Seguridad en Sistemas de Tecnologías de la Información,Describe los métodos para ocultar información en un sistema de archivos.
9,Evaluación de la Seguridad en Sistemas de Tecnologías de la Información,Realiza análisis de medios informáticos utilizando herramientas forenses.
9,Proyectos de Tecnologías de la Información,Aplica conocimientos de Gerencia de Proyectos y Arquitectura Empresarial al contexto de la gestión de Tecnologías de Información (TICs).
9,Proyectos de Tecnologías de la Información,Gestiona proyectos de TICs en base a una metodología específica de Gestión de Proyectos y Arquitectura Empresarial.
9,Proyectos de Tecnologías de la Información,Conoce y aplica los estándares de documentación en proyectos de Gestión de TICs.
9,Proyectos de Tecnologías de la Información,Relaciona las fases y áreas de conocimiento de la Gestión de Proyectos y Arquitectura Empresarial.
9,Proyectos de Tecnologías de la Información,Aplica la Gestión de Proyectos y Arquitectura Empresarial a un caso práctico. 
